Data,Último
04/01/10,69.37
05/01/10,69.9
06/01/10,70.3
07/01/10,70
08/01/10,69.48
11/01/10,69.99
12/01/10,69.7
13/01/10,70
14/01/10,69.5
15/01/10,68.5
18/01/10,68.9
19/01/10,68.12
20/01/10,67.7
21/01/10,65.9
22/01/10,65.59
26/01/10,64.98
27/01/10,64.9
28/01/10,65.2
29/01/10,64.9
01/02/10,66.05
02/02/10,66.7
03/02/10,66.59
04/02/10,63.4
05/02/10,62
08/02/10,62.6
09/02/10,64.09
10/02/10,64.55
11/02/10,65.6
12/02/10,65.6
17/02/10,66.94
18/02/10,67.6
19/02/10,67.4
22/02/10,67
23/02/10,66
24/02/10,65.6
25/02/10,66
26/02/10,66.5
01/03/10,67.2
02/03/10,67.14
03/03/10,67.4
04/03/10,67.3
05/03/10,68.5
08/03/10,67.84
09/03/10,69.2
10/03/10,69.7
11/03/10,69.5
12/03/10,68.9
15/03/10,68.5
16/03/10,69.5
17/03/10,69.3
18/03/10,69.2
19/03/10,68.5
22/03/10,68.45
23/03/10,68.89
24/03/10,68.28
25/03/10,67.7
26/03/10,68.3
29/03/10,69.5
30/03/10,69.5
31/03/10,70
01/04/10,70.6
05/04/10,70.75
06/04/10,70.45
07/04/10,70.15
08/04/10,71.3
09/04/10,71
12/04/10,70.1
13/04/10,70.25
14/04/10,70.45
15/04/10,69.78
16/04/10,68.84
19/04/10,68.5
20/04/10,68.7
22/04/10,68.8
23/04/10,68.95
26/04/10,68.33
27/04/10,66
28/04/10,66.01
29/04/10,67.45
30/04/10,66.92
03/05/10,66.8
04/05/10,64.3
05/05/10,64.8
06/05/10,63.2
07/05/10,62.5
10/05/10,65.35
11/05/10,63.23
12/05/10,64.9
13/05/10,64.34
14/05/10,62.9
17/05/10,62.4
18/05/10,60.45
19/05/10,59.19
20/05/10,57.98
21/05/10,60.2
24/05/10,59.2
25/05/10,58.7
26/05/10,59.84
27/05/10,61.7
28/05/10,61.4
31/05/10,62.42
01/06/10,61.6
02/06/10,62.7
04/06/10,61.12
07/06/10,60.45
08/06/10,61.3
09/06/10,61
10/06/10,62.5
11/06/10,63.2
14/06/10,62.87
15/06/10,64.01
16/06/10,64.2
17/06/10,64.1
18/06/10,64.2
21/06/10,64.4
22/06/10,64.35
23/06/10,64.8
24/06/10,63.6
25/06/10,64.45
28/06/10,63.85
29/06/10,61.63
30/06/10,60.37
01/07/10,60.62
02/07/10,60.9
05/07/10,60.39
06/07/10,61.6
07/07/10,62.8
08/07/10,63.1
12/07/10,62.5
13/07/10,63.25
14/07/10,63.05
15/07/10,63.05
16/07/10,61.85
19/07/10,62.8
20/07/10,63.8
21/07/10,63.9
22/07/10,65.3
23/07/10,65.99
26/07/10,65.99
27/07/10,66.13
28/07/10,66.19
29/07/10,66.5
30/07/10,66.87
02/08/10,68.31
03/08/10,67.63
04/08/10,67.7
05/08/10,68.05
06/08/10,67.7
09/08/10,67.3
10/08/10,66.8
11/08/10,65.1
12/08/10,65.49
13/08/10,65.5
16/08/10,66.12
17/08/10,67.15
18/08/10,66.98
19/08/10,66.4
20/08/10,66.2
23/08/10,65.32
24/08/10,64.8
25/08/10,64.49
26/08/10,63.34
27/08/10,65.15
30/08/10,63.73
31/08/10,64.5
01/09/10,66.28
02/09/10,66.3
03/09/10,66
06/09/10,66.1
08/09/10,65.8
09/09/10,66
10/09/10,66.19
13/09/10,67.36
14/09/10,66.97
15/09/10,67.6
16/09/10,67.2
17/09/10,66.6
20/09/10,67.35
21/09/10,67.5
22/09/10,67.9
23/09/10,68.28
24/09/10,67.85
27/09/10,68.11
28/09/10,68.65
29/09/10,68.8
30/09/10,68.7
01/10/10,69.77
04/10/10,69.85
05/10/10,70.56
06/10/10,69.86
07/10/10,69.3
08/10/10,70.15
11/10/10,70.25
13/10/10,70.89
14/10/10,71.07
15/10/10,71.21
18/10/10,71.1
19/10/10,69.26
20/10/10,69.8
21/10/10,69.1
22/10/10,68.72
25/10/10,69.1
26/10/10,70.15
27/10/10,70
28/10/10,70.03
29/10/10,70.2
01/11/10,71
03/11/10,71.3
04/11/10,72.4
05/11/10,71.9
08/11/10,72.01
09/11/10,70.91
10/11/10,71.07
11/11/10,70.39
12/11/10,69.64
16/11/10,68.28
17/11/10,69.49
18/11/10,70
19/11/10,70.3
22/11/10,68.99
23/11/10,67.34
24/11/10,68.99
25/11/10,68.53
26/11/10,67.6
29/11/10,67.33
30/11/10,67
01/12/10,68.75
02/12/10,68.77
03/12/10,69.11
06/12/10,68.6
07/12/10,68.8
08/12/10,67.35
09/12/10,67.22
10/12/10,67.89
13/12/10,68.7
14/12/10,68.09
15/12/10,66.9
16/12/10,66.45
17/12/10,67.26
20/12/10,66.7
21/12/10,67.9
22/12/10,67.62
23/12/10,68
27/12/10,67.2
28/12/10,67.38
29/12/10,68.35
30/12/10,68.53
03/01/11,69.24
04/01/11,69.7
05/01/11,70.25
06/01/11,69.65
07/01/11,69.33
10/01/11,69.31
11/01/11,69.7
12/01/11,71
13/01/11,69.99
14/01/11,70.25
17/01/11,70.04
18/01/11,70.21
19/01/11,69.3
20/01/11,68.75
21/01/11,68.35
24/01/11,68.74
26/01/11,67.95
27/01/11,67.3
28/01/11,65.94
31/01/11,65.78
01/02/11,67.24
02/02/11,65.97
03/02/11,66.05
04/02/11,64.53
07/02/11,64.68
08/02/11,64.85
09/02/11,63.34
10/02/11,63.85
11/02/11,64.91
14/02/11,65.83
15/02/11,65.57
16/02/11,66.55
17/02/11,66.88
18/02/11,67.5
21/02/11,66.55
22/02/11,65.67
23/02/11,66.2
24/02/11,66.34
25/02/11,66.2
28/02/11,66.75
01/03/11,65.75
02/03/11,66.53
03/03/11,67.45
04/03/11,67.47
09/03/11,66.51
10/03/11,65.25
11/03/11,65.93
14/03/11,66.4
15/03/11,66.36
16/03/11,65.1
17/03/11,65.29
18/03/11,66.17
21/03/11,65.88
22/03/11,66.67
23/03/11,66.95
24/03/11,66.75
25/03/11,66.91
28/03/11,66.39
29/03/11,66.6
30/03/11,67.21
31/03/11,67.55
01/04/11,68.49
04/04/11,68.91
05/04/11,68.92
06/04/11,68.21
07/04/11,68.24
08/04/11,67.93
11/04/11,67.29
12/04/11,66.1
13/04/11,65.75
14/04/11,65.5
15/04/11,65.87
18/04/11,64.75
19/04/11,65.24
20/04/11,66.25
25/04/11,66.11
26/04/11,66.16
27/04/11,65.4
28/04/11,64.87
29/04/11,65.2
02/05/11,64.79
03/05/11,63.49
04/05/11,62.9
05/05/11,62.68
06/05/11,63.68
09/05/11,63.8
10/05/11,64.01
11/05/11,62.95
12/05/11,63.28
13/05/11,62.4
16/05/11,61.99
17/05/11,62.81
18/05/11,62.11
19/05/11,61.47
20/05/11,61.74
23/05/11,61.62
24/05/11,62.6
25/05/11,62.6
26/05/11,63.5
27/05/11,63.5
30/05/11,63.11
31/05/11,63.81
01/06/11,62.65
02/06/11,63.39
03/06/11,63.5
06/06/11,62.19
07/06/11,62.41
08/06/11,62.3
09/06/11,62.56
10/06/11,61.82
13/06/11,61.11
14/06/11,61.2
15/06/11,60.76
16/06/11,60.09
17/06/11,60.3
20/06/11,60.4
21/06/11,60.48
22/06/11,60.32
24/06/11,60.2
27/06/11,60.42
28/06/11,61.11
29/06/11,61.59
30/06/11,61.49
01/07/11,63
04/07/11,62.95
05/07/11,62.18
06/07/11,61.72
07/07/11,61.41
08/07/11,60.67
11/07/11,59.53
12/07/11,58.92
13/07/11,59.83
14/07/11,58.9
15/07/11,58.72
18/07/11,58.02
19/07/11,58.19
20/07/11,58.26
21/07/11,59.5
22/07/11,59.55
25/07/11,59.16
26/07/11,58.51
27/07/11,57.46
28/07/11,57.85
29/07/11,58.18
01/08/11,57.82
02/08/11,56.6
03/08/11,55.56
04/08/11,52.05
05/08/11,52.27
08/08/11,47.76
09/08/11,50.4
10/08/11,50.65
11/08/11,52.65
12/08/11,52.8
15/08/11,53.95
16/08/11,53.53
17/08/11,54.3
18/08/11,52.41
19/08/11,51.8
22/08/11,51.75
23/08/11,53
24/08/11,52.97
25/08/11,52.15
26/08/11,52.52
29/08/11,54.1
30/08/11,54.56
31/08/11,55.75
01/09/11,57.27
02/09/11,55.65
05/09/11,54.29
06/09/11,55.89
08/09/11,56.9
09/09/11,55.1
12/09/11,55.3
13/09/11,54.73
14/09/11,55.51
15/09/11,55.65
16/09/11,56.45
19/09/11,56.38
20/09/11,55.6
21/09/11,55.02
22/09/11,52.56
23/09/11,52.65
26/09/11,53.03
27/09/11,53.15
28/09/11,52.54
29/09/11,52.76
30/09/11,51.6
03/10/11,50
04/10/11,50.1
05/10/11,50.1
06/10/11,51.5
07/10/11,50.41
10/10/11,52.8
11/10/11,53.09
13/10/11,54
14/10/11,54.4
17/10/11,53.12
18/10/11,54.4
19/10/11,54.28
20/10/11,53.17
21/10/11,54.6
24/10/11,56
25/10/11,55.35
26/10/11,56.49
27/10/11,58.1
28/10/11,58.55
31/10/11,57.57
01/11/11,56.48
03/11/11,57.3
04/11/11,58
07/11/11,58.4
08/11/11,58.1
09/11/11,56.78
10/11/11,56.7
11/11/11,57.66
14/11/11,57.4
16/11/11,57.68
17/11/11,56.15
18/11/11,56
21/11/11,55.6
22/11/11,55.1
23/11/11,54.31
24/11/11,54.47
25/11/11,54.25
28/11/11,55.12
29/11/11,54.65
30/11/11,56.18
01/12/11,57.41
02/12/11,57.03
05/12/11,58.18
06/12/11,58.73
07/12/11,57.72
08/12/11,56.52
09/12/11,57.41
12/12/11,56.52
13/12/11,56.62
14/12/11,55.75
15/12/11,55.55
16/12/11,55.45
19/12/11,54.5
20/12/11,56.26
21/12/11,55.82
22/12/11,56.5
23/12/11,56.75
26/12/11,56.9
27/12/11,57.14
28/12/11,55.65
29/12/11,55.98
02/01/12,57.03
03/01/12,58.4
04/01/12,58.4
05/01/12,57.61
06/01/12,57.75
09/01/12,58.25
10/01/12,58.9
11/01/12,59.2
12/01/12,59.1
13/01/12,58.2
16/01/12,59.03
17/01/12,59.75
18/01/12,60.8
19/01/12,60.93
20/01/12,61.4
23/01/12,61.52
24/01/12,61.6
26/01/12,62.05
27/01/12,62.03
30/01/12,61.86
31/01/12,62.17
01/02/12,63.52
02/02/12,63.59
03/02/12,64.21
06/02/12,64.19
07/02/12,64.95
08/02/12,64.78
09/02/12,64.52
10/02/12,63.05
13/02/12,64.67
14/02/12,64.01
15/02/12,64.38
16/02/12,65.01
17/02/12,65.12
22/02/12,64.96
23/02/12,64.86
24/02/12,64.89
27/02/12,64.25
28/02/12,65
29/02/12,64.74
01/03/12,65.74
02/03/12,66.75
05/03/12,65.95
06/03/12,64.02
07/03/12,65.11
08/03/12,65.87
09/03/12,65.64
12/03/12,65.39
13/03/12,67.3
14/03/12,67.1
15/03/12,66.62
16/03/12,66.63
19/03/12,66.65
20/03/12,66.15
21/03/12,65.84
22/03/12,64.85
23/03/12,64.89
26/03/12,65.78
27/03/12,64.91
28/03/12,64.15
29/03/12,63.9
30/03/12,63.54
02/04/12,64.3
03/04/12,63.42
04/04/12,62.65
05/04/12,62.7
09/04/12,61.98
10/04/12,60.82
11/04/12,60.33
12/04/12,62
13/04/12,61.05
16/04/12,61.03
17/04/12,61.79
18/04/12,62
19/04/12,61.66
20/04/12,61.59
23/04/12,60.61
24/04/12,61.06
25/04/12,60.94
26/04/12,61.24
27/04/12,60.81
30/04/12,60.9
02/05/12,61.5
03/05/12,61.24
04/05/12,59.94
07/05/12,60.34
08/05/12,59.39
09/05/12,58.9
10/05/12,58.78
11/05/12,58.55
14/05/12,56.65
15/05/12,55.44
16/05/12,55.12
17/05/12,53.35
18/05/12,53.64
21/05/12,55.69
22/05/12,54.18
23/05/12,53.89
24/05/12,53.31
25/05/12,53.7
28/05/12,54.42
29/05/12,53.87
30/05/12,53
31/05/12,53.6
01/06/12,52.6
04/06/12,52.59
05/06/12,51.72
06/06/12,53.29
08/06/12,53.65
11/06/12,53.28
12/06/12,54.36
13/06/12,54.85
14/06/12,54.6
15/06/12,55.29
18/06/12,55.43
19/06/12,56.4
20/06/12,56.36
21/06/12,54.71
22/06/12,54.6
25/06/12,53.01
26/06/12,53
27/06/12,52.28
28/06/12,51.93
29/06/12,53.42
02/07/12,53.86
03/07/12,55
04/07/12,55.2
05/07/12,55.56
06/07/12,54.59
10/07/12,52.75
11/07/12,52.6
12/07/12,52.55
13/07/12,53.55
16/07/12,52.65
17/07/12,53.05
18/07/12,53.69
19/07/12,54.4
20/07/12,53.17
23/07/12,52.24
24/07/12,51.85
25/07/12,51.69
26/07/12,53.12
27/07/12,55.65
30/07/12,56.45
31/07/12,55.1
01/08/12,55.48
02/08/12,54.6
03/08/12,56.37
06/08/12,57.37
07/08/12,56.65
08/08/12,57.97
09/08/12,57.83
10/08/12,58.3
13/08/12,58.06
14/08/12,57.12
15/08/12,57.24
16/08/12,58.35
17/08/12,58.17
20/08/12,58.3
21/08/12,58
22/08/12,58.45
23/08/12,57.51
24/08/12,57.42
27/08/12,57.18
28/08/12,57.4
29/08/12,56.3
30/08/12,56.17
31/08/12,56.15
03/09/12,56.23
04/09/12,55.25
05/09/12,55.86
06/09/12,57.3
10/09/12,57.33
11/09/12,58.37
12/09/12,58.97
13/09/12,60.85
14/09/12,61.17
17/09/12,60.72
18/09/12,60.72
19/09/12,60.48
20/09/12,60.65
21/09/12,60.39
24/09/12,60.78
25/09/12,59.4
26/09/12,59.4
27/09/12,59.02
28/09/12,58.15
01/10/12,58.5
02/10/12,58.15
03/10/12,57.55
04/10/12,57.25
05/10/12,57.47
08/10/12,58.24
09/10/12,58
10/10/12,57.33
11/10/12,58.25
15/10/12,58.56
16/10/12,58.66
17/10/12,59.4
18/10/12,58.74
19/10/12,57.8
22/10/12,57.75
23/10/12,56.5
24/10/12,56.14
25/10/12,56.71
26/10/12,56.29
29/10/12,56.14
30/10/12,56.63
31/10/12,56.04
01/11/12,57.43
05/11/12,57.1
06/11/12,58.29
07/11/12,57.36
08/11/12,56.43
09/11/12,56.32
12/11/12,56.01
13/11/12,56.43
14/11/12,55.02
16/11/12,54.13
19/11/12,55.26
21/11/12,55.12
22/11/12,55.31
23/11/12,56.49
26/11/12,55.65
27/11/12,55.1
28/11/12,55.5
29/11/12,56.4
30/11/12,56.5
03/12/12,57.11
04/12/12,56.45
05/12/12,56.6
06/12/12,56.77
07/12/12,57.36
10/12/12,57.98
11/12/12,58.29
12/12/12,58.3
13/12/12,58.1
14/12/12,58.45
17/12/12,58.44
18/12/12,59.3
19/12/12,59.67
20/12/12,60.17
21/12/12,59.72
26/12/12,59.71
27/12/12,59.55
28/12/12,59.69
02/01/13,61.27
03/01/13,61.92
04/01/13,61.32
07/01/13,60.75
08/01/13,59.91
09/01/13,60.25
10/01/13,60.49
11/01/13,60.3
14/01/13,60.75
15/01/13,60.52
16/01/13,60.54
17/01/13,61.01
18/01/13,60.79
21/01/13,60.75
22/01/13,60.55
23/01/13,60.81
24/01/13,59.91
28/01/13,58.89
29/01/13,59.33
30/01/13,58.08
31/01/13,58.69
01/02/13,59.06
04/02/13,58.4
05/02/13,58.16
06/02/13,57.79
07/02/13,57.19
08/02/13,57.21
13/02/13,57.27
14/02/13,56.98
15/02/13,56.7
18/02/13,56.45
19/02/13,56.1
20/02/13,54.82
21/02/13,54.83
22/02/13,55.43
25/02/13,55.29
26/02/13,55.82
27/02/13,56.13
28/02/13,56.14
01/03/13,55.78
04/03/13,55.3
05/03/13,54.9
06/03/13,56.65
07/03/13,57.58
08/03/13,57.15
11/03/13,57.53
12/03/13,57.02
13/03/13,56.14
14/03/13,56.05
15/03/13,55.63
18/03/13,55.76
19/03/13,55.15
20/03/13,54.86
21/03/13,54.46
22/03/13,54.26
25/03/13,53.77
26/03/13,54.57
27/03/13,54.92
28/03/13,55.1
01/04/13,54.8
02/04/13,53.75
03/04/13,54.45
04/04/13,53.5
05/04/13,54.08
08/04/13,53.95
09/04/13,54.73
10/04/13,55.01
11/04/13,54.15
12/04/13,53.73
15/04/13,51.95
16/04/13,52.87
17/04/13,51.82
18/04/13,52.04
19/04/13,52.73
22/04/13,53.16
23/04/13,53.69
24/04/13,53.77
25/04/13,53.85
26/04/13,53.1
29/04/13,53.75
30/04/13,54.45
02/05/13,54.05
03/05/13,54.15
06/05/13,54.27
07/05/13,55.19
08/05/13,54.7
09/05/13,54.25
10/05/13,53.91
13/05/13,53.3
14/05/13,53.51
15/05/13,53.75
16/05/13,53.67
17/05/13,54.04
20/05/13,54.57
21/05/13,55.07
22/05/13,55.36
23/05/13,55.21
24/05/13,55.34
27/05/13,55.35
28/05/13,54.8
29/05/13,53.47
31/05/13,52.45
03/06/13,52.75
04/06/13,52.86
05/06/13,51.74
06/06/13,51.84
07/06/13,50.56
10/06/13,50.19
11/06/13,48.7
12/06/13,48.23
13/06/13,49.41
14/06/13,48.36
17/06/13,48.15
18/06/13,48.35
19/06/13,46.99
20/06/13,47.33
21/06/13,46.19
24/06/13,45.12
25/06/13,46
26/06/13,46.19
27/06/13,46.74
28/06/13,46.5
01/07/13,46.39
02/07/13,44.2
03/07/13,43.97
04/07/13,44.96
05/07/13,44.39
08/07/13,44.18
10/07/13,44.52
11/07/13,45.78
12/07/13,44.7
15/07/13,45.81
16/07/13,46.12
17/07/13,46.57
18/07/13,46.65
19/07/13,46.54
22/07/13,47.73
23/07/13,47.83
24/07/13,47.46
25/07/13,48.14
26/07/13,48.49
29/07/13,48.26
30/07/13,47.58
31/07/13,47.32
01/08/13,48.23
02/08/13,47.47
05/08/13,47.55
06/08/13,46.42
07/08/13,46.58
08/08/13,48.1
09/08/13,48.93
12/08/13,49.41
13/08/13,49.65
14/08/13,49.7
15/08/13,49.96
16/08/13,50.57
19/08/13,50.7
20/08/13,49.63
21/08/13,49.46
22/08/13,50.42
23/08/13,51.15
26/08/13,50.57
27/08/13,49.23
28/08/13,49.19
29/08/13,49.06
30/08/13,49.5
02/09/13,50.46
03/09/13,50.47
04/09/13,50.51
05/09/13,51.1
06/09/13,52.88
09/09/13,53.01
10/09/13,52.85
11/09/13,52.39
12/09/13,52.19
13/09/13,52.83
16/09/13,52.48
17/09/13,53.24
18/09/13,54.66
19/09/13,53.85
20/09/13,53
23/09/13,53.41
24/09/13,53.35
25/09/13,53.03
26/09/13,52.77
27/09/13,52.52
30/09/13,51.29
01/10/13,51.96
02/10/13,51.91
03/10/13,51.31
04/10/13,51.7
07/10/13,51.1
08/10/13,51.17
09/10/13,51.49
10/10/13,51.9
11/10/13,52.04
14/10/13,53.19
15/10/13,53.75
16/10/13,54.5
17/10/13,54.19
18/10/13,53.99
21/10/13,54.81
22/10/13,55.25
23/10/13,54.15
24/10/13,53.57
25/10/13,52.85
28/10/13,54
29/10/13,53.05
30/10/13,52.94
31/10/13,52.7
01/11/13,52.79
04/11/13,53.21
05/11/13,52.62
06/11/13,52.13
07/11/13,51.55
08/11/13,51
11/11/13,51.37
12/11/13,50.54
13/11/13,51.09
14/11/13,52.25
18/11/13,53.06
19/11/13,51.73
21/11/13,51.43
22/11/13,51.67
25/11/13,51.09
26/11/13,50.07
27/11/13,50.55
28/11/13,50.8
29/11/13,51.28
02/12/13,50.04
03/12/13,49.23
04/12/13,49.09
05/12/13,49.44
06/12/13,49.86
09/12/13,49.9
10/12/13,49.81
11/12/13,48.81
12/12/13,48.93
13/12/13,48.75
16/12/13,49.13
17/12/13,48.93
18/12/13,49.54
19/12/13,50.48
20/12/13,49.91
23/12/13,50.11
26/12/13,50.04
27/12/13,50.14
30/12/13,50.24
02/01/14,49.08
03/01/14,49.26
06/01/14,49.84
07/01/14,49.23
08/01/14,49.28
09/01/14,48.14
10/01/14,48.32
13/01/14,48.26
14/01/14,48.38
15/01/14,48.76
16/01/14,48.54
17/01/14,48.02
20/01/14,47.5
21/01/14,47.35
22/01/14,48.18
23/01/14,47.18
24/01/14,46.55
27/01/14,46.63
28/01/14,46.71
29/01/14,46.25
30/01/14,46.07
31/01/14,46.46
03/02/14,45.09
04/02/14,45.81
05/02/14,45.54
06/02/14,46.67
07/02/14,47.01
10/02/14,46.53
11/02/14,47.24
12/02/14,47.02
13/02/14,46.82
14/02/14,47.04
17/02/14,46.41
18/02/14,45.41
19/02/14,45.75
20/02/14,46.14
21/02/14,46.26
24/02/14,46.01
25/02/14,45.54
26/02/14,45.37
27/02/14,46.55
28/02/14,46.08
05/03/14,45.43
06/03/14,45.85
07/03/14,45.03
10/03/14,44.28
11/03/14,44.52
12/03/14,44.73
13/03/14,44.36
14/03/14,43.8
17/03/14,44
18/03/14,44.97
19/03/14,45.37
20/03/14,45.98
21/03/14,46.28
24/03/14,46.96
25/03/14,47.05
26/03/14,46.75
27/03/14,48.49
28/03/14,48.58
31/03/14,49.09
01/04/14,49.05
02/04/14,50.47
03/04/14,50.2
04/04/14,49.87
07/04/14,50.85
08/04/14,50.34
09/04/14,49.88
10/04/14,49.86
11/04/14,50.51
14/04/14,50.3
15/04/14,49.08
16/04/14,49.87
17/04/14,50.76
22/04/14,50.65
23/04/14,50.21
24/04/14,50.24
25/04/14,50
28/04/14,50.05
29/04/14,50.52
30/04/14,50.29
02/05/14,51.58
05/05/14,52.05
06/05/14,52.35
07/05/14,52.67
08/05/14,51.99
09/05/14,51.71
12/05/14,52.54
13/05/14,52.59
14/05/14,52.93
15/05/14,52.52
16/05/14,52.65
19/05/14,52.01
20/05/14,51.09
21/05/14,50.82
22/05/14,51.54
23/05/14,51.26
26/05/14,51.6
27/05/14,50.87
28/05/14,51.3
29/05/14,50.92
30/05/14,49.98
02/06/14,50.31
03/06/14,50.7
04/06/14,50.52
05/06/14,50.2
06/06/14,51.8
09/06/14,52.89
10/06/14,53.22
11/06/14,53.74
13/06/14,53.44
16/06/14,53.25
17/06/14,52.83
18/06/14,53.77
20/06/14,53.2
23/06/14,52.76
24/06/14,52.9
25/06/14,51.96
26/06/14,52
27/06/14,51.73
30/06/14,51.69
01/07/14,51.84
02/07/14,51.62
03/07/14,52.48
04/07/14,52.64
07/07/14,52.33
08/07/14,52.21
10/07/14,53.23
11/07/14,53.35
14/07/14,54.29
15/07/14,54.49
16/07/14,54.27
17/07/14,54.16
18/07/14,55.52
21/07/14,56.08
22/07/14,56.45
23/07/14,55.93
24/07/14,56.39
25/07/14,56.34
28/07/14,56.16
29/07/14,55.66
30/07/14,55.39
31/07/14,54.33
01/08/14,54.41
04/08/14,55.05
05/08/14,54.64
06/08/14,54.98
07/08/14,54.83
08/08/14,54.09
11/08/14,55.09
12/08/14,54.94
13/08/14,54.11
14/08/14,54.27
15/08/14,55.4
18/08/14,56.04
19/08/14,56.87
20/08/14,57.3
21/08/14,57.46
22/08/14,56.86
25/08/14,58.2
26/08/14,58.2
27/08/14,59.27
28/08/14,58.72
29/08/14,59.69
01/09/14,59.55
02/09/14,60.17
03/09/14,60.24
04/09/14,59.4
05/09/14,59.08
08/09/14,57.5
09/09/14,57.15
10/09/14,56.64
11/09/14,56.69
12/09/14,55.25
15/09/14,56.4
16/09/14,57.51
17/09/14,57.39
18/09/14,56.82
19/09/14,56.28
22/09/14,55.23
23/09/14,54.82
24/09/14,55.27
25/09/14,54.4
26/09/14,55.64
29/09/14,52.92
30/09/14,52.64
01/10/14,51.14
02/10/14,51.8
03/10/14,53.04
06/10/14,55.71
07/10/14,55.87
08/10/14,55.85
09/10/14,55.84
10/10/14,53.56
13/10/14,56.16
14/10/14,56.34
15/10/14,54.55
16/10/14,52.77
17/10/14,54.19
20/10/14,52.87
21/10/14,51.03
22/10/14,50.99
23/10/14,49.17
24/10/14,50.3
27/10/14,49.1
28/10/14,50.82
29/10/14,49.42
30/10/14,50.76
31/10/14,52.98
03/11/14,52.31
04/11/14,52.88
05/11/14,52.21
06/11/14,51.22
07/11/14,51.8
10/11/14,51.23
11/11/14,50.94
12/11/14,51.35
13/11/14,50.35
14/11/14,50.34
17/11/14,49.82
18/11/14,50.64
19/11/14,51.93
21/11/14,54.67
24/11/14,53.83
25/11/14,54.03
26/11/14,53.64
27/11/14,53.29
28/11/14,53.15
01/12/14,50.75
02/12/14,50.11
03/12/14,50.72
04/12/14,49.9
05/12/14,50.36
08/12/14,48.91
09/12/14,48.76
10/12/14,48.05
11/12/14,48.37
12/12/14,46.75
15/12/14,45.58
16/12/14,45.7
17/12/14,47.34
18/12/14,46.89
19/12/14,48.2
22/12/14,48.65
23/12/14,49.34
26/12/14,48.63
29/12/14,49.09
30/12/14,48.54
02/01/15,47.26
05/01/15,46.32
06/01/15,46.58
07/01/15,48.15
08/01/15,48.51
09/01/15,47.53
12/01/15,46.83
13/01/15,46.64
14/01/15,46.48
15/01/15,47
16/01/15,47.6
19/01/15,46.31
20/01/15,46.52
21/01/15,47.81
22/01/15,48.12
23/01/15,47.3
26/01/15,47.19
27/01/15,47.34
28/01/15,46.33
29/01/15,46.38
30/01/15,45.61
02/02/15,46.27
03/02/15,47.64
04/02/15,47.77
05/02/15,47.88
06/02/15,47.3
09/02/15,47.92
10/02/15,47.16
11/02/15,46.95
12/02/15,48.13
13/02/15,49.39
18/02/15,49.91
19/02/15,49.8
20/02/15,49.84
23/02/15,49.8
24/02/15,50.41
25/02/15,50.36
26/02/15,50.31
27/02/15,50.01
02/03/15,49.59
03/03/15,49.83
04/03/15,49.07
05/03/15,48.95
06/03/15,48.55
09/03/15,47.75
10/03/15,46.95
11/03/15,47.52
12/03/15,47.45
13/03/15,47.21
16/03/15,47.38
17/03/15,48.92
18/03/15,50.1
19/03/15,49.55
20/03/15,50.32
23/03/15,50.43
24/03/15,50.04
25/03/15,50.29
26/03/15,49.11
27/03/15,48.66
30/03/15,49.82
31/03/15,49.5
01/04/15,50.8
02/04/15,51.5
06/04/15,52.1
07/04/15,52.2
08/04/15,52.22
09/04/15,52.27
10/04/15,52.65
13/04/15,52.61
14/04/15,52.53
15/04/15,53.25
16/04/15,53.03
17/04/15,52.45
20/04/15,52.24
22/04/15,53.03
23/04/15,54.04
24/04/15,54.98
27/04/15,53.96
28/04/15,54.2
29/04/15,53.68
30/04/15,54.62
04/05/15,55.83
05/05/15,56.42
06/05/15,55.43
07/05/15,55.32
08/05/15,55.5
11/05/15,55.52
12/05/15,55.18
13/05/15,54.77
14/05/15,55.07
15/05/15,55.59
18/05/15,54.49
19/05/15,53.93
20/05/15,53.34
21/05/15,53.55
22/05/15,52.93
25/05/15,53
26/05/15,52.24
27/05/15,52.65
28/05/15,52.39
29/05/15,51.35
01/06/15,51.46
02/06/15,52.62
03/06/15,52.04
05/06/15,51.37
08/06/15,51.25
09/06/15,51.35
10/06/15,52.35
11/06/15,52.08
12/06/15,51.73
15/06/15,51.63
16/06/15,52.18
17/06/15,51.64
18/06/15,52.61
19/06/15,52.22
22/06/15,52.3
23/06/15,52.26
24/06/15,52.25
25/06/15,51.66
26/06/15,52.38
29/06/15,51.51
30/06/15,51.46
01/07/15,51.24
02/07/15,51.52
03/07/15,50.89
06/07/15,50.65
07/07/15,50.73
08/07/15,50.22
10/07/15,51
13/07/15,51.5
14/07/15,51.7
15/07/15,51.36
16/07/15,51.52
17/07/15,50.76
20/07/15,50.11
21/07/15,49.93
22/07/15,49.36
23/07/15,48.24
24/07/15,47.78
27/07/15,47.35
28/07/15,48.18
29/07/15,48.74
30/07/15,48.43
31/07/15,49.37
03/08/15,48.69
04/08/15,48.59
05/08/15,48.78
06/08/15,48.54
07/08/15,47.05
10/08/15,47.88
11/08/15,48.15
12/08/15,46.94
13/08/15,46.51
14/08/15,46.1
17/08/15,45.87
18/08/15,46.04
19/08/15,45.15
20/08/15,45.17
21/08/15,44.3
24/08/15,42.9
25/08/15,43.06
26/08/15,44.66
27/08/15,46.3
28/08/15,45.8
31/08/15,45.34
01/09/15,44.17
02/09/15,45.09
03/09/15,45.82
04/09/15,45.1
08/09/15,45.34
09/09/15,45.25
10/09/15,45.13
11/09/15,44.88
14/09/15,46.1
15/09/15,45.9
16/09/15,47.09
17/09/15,47.12
18/09/15,45.79
21/09/15,45.21
22/09/15,44.94
23/09/15,43.89
24/09/15,44
25/09/15,43.86
28/09/15,42.75
29/09/15,42.95
30/09/15,43.43
01/10/15,44.03
02/10/15,45.46
05/10/15,46.13
06/10/15,46.19
07/10/15,47.5
08/10/15,47.59
09/10/15,47.79
13/10/15,45.93
14/10/15,45.3
15/10/15,45.79
16/10/15,45.85
19/10/15,46
20/10/15,45.55
21/10/15,45.56
22/10/15,46.3
23/10/15,45.96
26/10/15,45.78
27/10/15,45.55
28/10/15,45.34
29/10/15,44.18
30/10/15,44.4
03/11/15,46.63
04/11/15,46.18
05/11/15,46.45
06/11/15,45.53
09/11/15,44.76
10/11/15,44.93
11/11/15,45.78
12/11/15,45.33
13/11/15,45.22
16/11/15,45.44
17/11/15,45.89
18/11/15,46.08
19/11/15,46.7
23/11/15,46.46
24/11/15,46.79
25/11/15,45.41
26/11/15,45.65
27/11/15,44.59
30/11/15,43.7
01/12/15,43.53
02/12/15,43.46
03/12/15,44.97
04/12/15,44.1
07/12/15,43.95
08/12/15,43.05
09/12/15,44.65
10/12/15,44.32
11/12/15,43.92
14/12/15,43.43
15/12/15,43.5
16/12/15,43.74
17/12/15,43.74
18/12/15,42.58
21/12/15,41.95
22/12/15,42.23
23/12/15,42.75
28/12/15,42.5
29/12/15,42.42
30/12/15,42.13
04/01/16,41.1
05/01/16,41.18
06/01/16,40.5
07/01/16,39.47
08/01/16,39.34
11/01/16,38.72
12/01/16,38.38
13/01/16,37.75
14/01/16,38.27
15/01/16,37.48
18/01/16,36.75
19/01/16,36.85
20/01/16,36.5
21/01/16,36.6
22/01/16,36.86
26/01/16,36.45
27/01/16,37.48
28/01/16,37.4
29/01/16,39.19
01/02/16,39.3
02/02/16,37.52
03/02/16,38.4
04/02/16,39.62
05/02/16,39.35
10/02/16,39.16
11/02/16,38.2
12/02/16,38.73
15/02/16,39.05
16/02/16,39.74
17/02/16,40.3
18/02/16,40.2
19/02/16,40.25
22/02/16,41.96
23/02/16,41.31
24/02/16,40.88
25/02/16,40.6
26/02/16,40.25
29/02/16,41.45
01/03/16,42.75
02/03/16,43.5
03/03/16,45.7
04/03/16,47.6
07/03/16,47.77
08/03/16,47.7
09/03/16,47.25
10/03/16,48.6
11/03/16,48.46
14/03/16,47.13
15/03/16,45.76
16/03/16,46.3
17/03/16,49.55
18/03/16,49.2
21/03/16,49.71
22/03/16,49.57
23/03/16,48.2
24/03/16,48.38
28/03/16,49.5
29/03/16,49.65
30/03/16,49.68
31/03/16,48.64
01/04/16,49.12
04/04/16,47.33
05/04/16,47.36
06/04/16,46.82
07/04/16,47.05
08/04/16,48.92
11/04/16,48.6
12/04/16,50.55
13/04/16,51.51
14/04/16,50.9
15/04/16,51.71
18/04/16,51.2
19/04/16,52.24
20/04/16,51.95
22/04/16,51.3
25/04/16,50.35
26/04/16,51.52
27/04/16,52.87
28/04/16,52.65
29/04/16,52.15
02/05/16,51.93
03/05/16,50.8
04/05/16,51.02
05/05/16,50.33
06/05/16,50.31
09/05/16,49.52
10/05/16,51.58
11/05/16,51.23
12/05/16,51.45
13/05/16,50.22
16/05/16,50.11
17/05/16,49.38
18/05/16,48.99
19/05/16,48.9
20/05/16,48.28
23/05/16,47.72
24/05/16,47.85
25/05/16,47.93
27/05/16,47.6
30/05/16,47.51
31/05/16,47.02
01/06/16,47.48
02/06/16,48.4
03/06/16,49.1
06/06/16,48.85
07/06/16,48.95
08/06/16,50.25
09/06/16,49.66
10/06/16,47.94
13/06/16,48.1
14/06/16,47.1
15/06/16,47.4
16/06/16,48
17/06/16,48.02
20/06/16,48.68
21/06/16,49.35
22/06/16,48.57
23/06/16,50.11
24/06/16,48.57
27/06/16,47.85
28/06/16,48.65
29/06/16,49.51
30/06/16,49.9
01/07/16,50.71
04/07/16,51.01
05/07/16,50.25
06/07/16,50.4
07/07/16,50.48
08/07/16,51.55
11/07/16,52.3
12/07/16,52.56
13/07/16,52.91
14/07/16,53.61
15/07/16,53.95
18/07/16,54.88
19/07/16,55.05
20/07/16,54.97
21/07/16,54.93
22/07/16,55.05
25/07/16,55.1
26/07/16,55.05
27/07/16,55.05
28/07/16,55
29/07/16,55.68
01/08/16,55.04
02/08/16,54.4
03/08/16,55.29
04/08/16,55.82
05/08/16,55.85
08/08/16,55.87
09/08/16,55.93
10/08/16,55.13
11/08/16,56.49
12/08/16,56.51
15/08/16,57.24
16/08/16,56.97
17/08/16,57.48
18/08/16,57.34
19/08/16,57.35
22/08/16,56.05
23/08/16,56
24/08/16,55.9
25/08/16,56.06
26/08/16,55.96
29/08/16,56.85
30/08/16,56.89
31/08/16,55.93
01/09/16,56.25
02/09/16,57.75
05/09/16,57.68
06/09/16,58.12
08/09/16,58.29
09/09/16,56.06
12/09/16,56.71
13/09/16,55.17
14/09/16,55.18
15/09/16,56.04
16/09/16,55.4
19/09/16,55.51
20/09/16,55.9
21/09/16,56.65
22/09/16,57.16
23/09/16,57.27
26/09/16,56.26
27/09/16,56.65
28/09/16,57.6
29/09/16,56.46
30/09/16,56.56
03/10/16,57.55
04/10/16,57.47
05/10/16,58.19
06/10/16,58.87
07/10/16,59.22
10/10/16,59.75
11/10/16,59.02
13/10/16,59.29
14/10/16,59.9
17/10/16,60.78
18/10/16,61.85
19/10/16,61.31
20/10/16,61.77
21/10/16,61.54
24/10/16,62.13
25/10/16,61.87
26/10/16,61.99
27/10/16,62.11
28/10/16,62.29
31/10/16,62.9
01/11/16,61.35
03/11/16,59.96
04/11/16,59.5
07/11/16,62.2
08/11/16,62.2
09/11/16,61.21
10/11/16,59.23
11/11/16,57.43
14/11/16,58.07
16/11/16,58.95
17/11/16,57.65
18/11/16,58.03
21/11/16,59.1
22/11/16,60.05
23/11/16,60.13
24/11/16,59.38
25/11/16,59.6
28/11/16,60.85
29/11/16,59.19
30/11/16,60
01/12/16,57.8
02/12/16,58.38
05/12/16,57.8
06/12/16,59.11
07/12/16,59.51
08/12/16,59.8
09/12/16,58.57
12/12/16,57.25
13/12/16,57.79
14/12/16,56.32
15/12/16,56.6
16/12/16,56.42
19/12/16,55.2
20/12/16,55.71
21/12/16,55.7
22/12/16,55.98
23/12/16,56.36
26/12/16,56.96
27/12/16,56.81
28/12/16,57.84
29/12/16,58.24
02/01/17,57.63
03/01/17,59.75
04/01/17,59.75
05/01/17,60.05
06/01/17,59.85
09/01/17,59.74
10/01/17,60.25
11/01/17,60.47
12/01/17,62
13/01/17,61.68
16/01/17,61.9
17/01/17,62.28
18/01/17,61.9
19/01/17,62.1
20/01/17,62.57
23/01/17,63.8
24/01/17,63.91
26/01/17,64.2
27/01/17,64.01
30/01/17,62.26
31/01/17,62.39
01/02/17,62.71
02/02/17,62.65
03/02/17,63.09
06/02/17,62.01
07/02/17,62.01
08/02/17,62.87
09/02/17,62.83
10/02/17,63.99
13/02/17,64.68
14/02/17,65.05
15/02/17,65.85
16/02/17,65.6
17/02/17,65.42
20/02/17,66.35
21/02/17,66.89
22/02/17,66.48
23/02/17,65.32
24/02/17,64.5
01/03/17,64.83
02/03/17,63.5
03/03/17,64.6
06/03/17,64.2
07/03/17,63.82
08/03/17,62.63
09/03/17,62.37
10/03/17,62.55
13/03/17,63.47
14/03/17,62.75
15/03/17,64.11
16/03/17,63.42
17/03/17,62.21
20/03/17,62.81
21/03/17,60.98
22/03/17,61.37
23/03/17,61.54
24/03/17,61.88
27/03/17,62.28
28/03/17,62.5
29/03/17,63.48
30/03/17,63.15
31/03/17,62.78
03/04/17,63.08
04/04/17,63.72
05/04/17,62.56
06/04/17,62
07/04/17,62.27
10/04/17,62.54
11/04/17,62.42
12/04/17,61.68
13/04/17,60.8
17/04/17,62.25
18/04/17,61.95
19/04/17,61.2
20/04/17,61.51
24/04/17,62.29
25/04/17,63
26/04/17,62.8
27/04/17,62.46
28/04/17,63.19
02/05/17,64.56
03/05/17,63.96
04/05/17,62.66
05/05/17,63.66
08/05/17,63.42
09/05/17,64.17
10/05/17,65.2
11/05/17,65.35
12/05/17,65.94
15/05/17,66.27
16/05/17,66.45
17/05/17,65.33
18/05/17,59.67
19/05/17,60.61
22/05/17,59.53
23/05/17,60.74
24/05/17,61.17
25/05/17,61.29
26/05/17,61.95
29/05/17,61.74
30/05/17,61.9
31/05/17,60.56
01/06/17,60.26
02/06/17,60.35
05/06/17,60.45
06/06/17,60.95
07/06/17,61.19
08/06/17,60.71
09/06/17,60.22
12/06/17,59.65
13/06/17,59.82
14/06/17,59.89
16/06/17,59.61
19/06/17,60.09
20/06/17,58.74
21/06/17,58.78
22/06/17,59.35
23/06/17,59.1
26/06/17,60.26
27/06/17,59.75
28/06/17,59.95
29/06/17,60.1
30/06/17,60.93
03/07/17,61.09
04/07/17,61.15
05/07/17,61.05
06/07/17,60.42
07/07/17,60.5
10/07/17,60.94
11/07/17,61.7
12/07/17,62.7
13/07/17,63.2
14/07/17,63.34
17/07/17,63.06
18/07/17,63.12
19/07/17,63.09
20/07/17,62.75
21/07/17,62.53
24/07/17,62.93
25/07/17,63.48
26/07/17,62.81
27/07/17,63.05
28/07/17,63.39
31/07/17,63.72
01/08/17,64.23
02/08/17,64.92
03/08/17,64.45
04/08/17,64.71
07/08/17,65.63
08/08/17,65.66
09/08/17,65.44
10/08/17,64.73
11/08/17,65.1
14/08/17,66.02
15/08/17,66.08
16/08/17,66.42
17/08/17,65.8
18/08/17,66.47
21/08/17,66.45
22/08/17,67.78
23/08/17,68.2
24/08/17,68.84
25/08/17,68.65
28/08/17,68.72
29/08/17,68.98
30/08/17,68.53
31/08/17,68.41
01/09/17,69.51
04/09/17,69.84
05/09/17,69.76
06/09/17,70.95
08/09/17,70.71
11/09/17,71.93
12/09/17,72.1
13/09/17,72.27
14/09/17,71.97
15/09/17,73.14
18/09/17,73.5
19/09/17,73.45
20/09/17,73.46
21/09/17,73.07
22/09/17,72.82
25/09/17,71.9
26/09/17,71.85
27/09/17,71.34
28/09/17,71.08
29/09/17,71.58
02/10/17,71.82
03/10/17,74.16
04/10/17,74.02
05/10/17,74.04
06/10/17,73.51
09/10/17,73.21
10/10/17,74.24
11/10/17,74.13
13/10/17,74.45
16/10/17,74.34
17/10/17,73.71
18/10/17,74.09
19/10/17,73.79
20/10/17,73.6
23/10/17,72.93
24/10/17,73.86
25/10/17,74.01
26/10/17,73.05
27/10/17,73.37
30/10/17,72.35
31/10/17,71.77
01/11/17,71.27
03/11/17,71.3
06/11/17,71.79
07/11/17,69.97
08/11/17,71.93
09/11/17,70.5
10/11/17,69.97
13/11/17,70.48
14/11/17,68.46
16/11/17,70.17
17/11/17,70.91
21/11/17,72
22/11/17,71.9
23/11/17,71.93
24/11/17,71.63
27/11/17,71.59
28/11/17,71.86
29/11/17,70.25
30/11/17,69.4
01/12/17,69.67
04/12/17,70.53
05/12/17,70
06/12/17,72.98
07/12/17,70
08/12/17,70.12
11/12/17,70.44
12/12/17,71.4
13/12/17,70.38
14/12/17,70
15/12/17,69.95
18/12/17,70.67
19/12/17,70.17
20/12/17,70.9
21/12/17,72.54
22/12/17,72.7
26/12/17,73.25
27/12/17,73.65
28/12/17,73.82
02/01/18,75.1
03/01/18,75.3
04/01/18,76
05/01/18,76.44
08/01/18,76.76
09/01/18,76.16
10/01/18,75.6
11/01/18,76.66
12/01/18,76.67
15/01/18,77.07
16/01/18,77.06
17/01/18,78.41
18/01/18,78.1
19/01/18,78.42
22/01/18,78.84
23/01/18,77.8
24/01/18,80.83
26/01/18,82.65
29/01/18,81.78
30/01/18,81.61
31/01/18,82
01/02/18,82.55
02/02/18,81.24
05/02/18,79.2
06/02/18,81.15
07/02/18,79.96
08/02/18,78.7
09/02/18,78.17
14/02/18,80.6
15/02/18,81.4
16/02/18,81.56
19/02/18,81.86
20/02/18,82.94
21/02/18,83.04
22/02/18,83.75
23/02/18,84.29
26/02/18,84.72
27/02/18,84.09
28/02/18,82.5
01/03/18,82.52
02/03/18,82.95
05/03/18,82.9
06/03/18,82.69
07/03/18,82.6
08/03/18,82.14
09/03/18,83.4
12/03/18,83.95
13/03/18,83.5
14/03/18,83.14
15/03/18,82.07
16/03/18,82.01
19/03/18,81.09
20/03/18,81.4
21/03/18,82.09
22/03/18,81.79
23/03/18,81.58
26/03/18,82.23
27/03/18,80.98
28/03/18,81.02
29/03/18,82.43
02/04/18,81.85
03/04/18,81.75
04/04/18,81.4
05/04/18,82.37
06/04/18,81.94
09/04/18,80.42
10/04/18,81.56
11/04/18,82.45
12/04/18,82.43
13/04/18,81.3
16/04/18,79.98
17/04/18,81.11
18/04/18,82.7
19/04/18,82.9
20/04/18,82.74
23/04/18,82.7
24/04/18,82.48
25/04/18,82.08
26/04/18,83.51
27/04/18,83.47
30/04/18,83.18
02/05/18,81.71
03/05/18,80.49
04/05/18,80.26
07/05/18,79.82
08/05/18,80.22
09/05/18,81.35
10/05/18,82.87
11/05/18,82.29
14/05/18,82.39
15/05/18,82.21
16/05/18,83.42
17/05/18,80.78
18/05/18,80.21
21/05/18,79.2
22/05/18,80
23/05/18,78.25
24/05/18,77.45
25/05/18,76.3
28/05/18,72.69
29/05/18,73.4
30/05/18,74.07
01/06/18,74.62
04/06/18,75.85
05/06/18,74.1
06/06/18,73.47
07/06/18,71.37
08/06/18,70.4
11/06/18,69.86
12/06/18,70.27
13/06/18,69.75
14/06/18,68.8
15/06/18,68.11
18/06/18,67.52
19/06/18,68.81
20/06/18,69.51
21/06/18,67.66
22/06/18,68.18
25/06/18,68.6
26/06/18,69
27/06/18,68
28/06/18,69.4
29/06/18,70.35
02/07/18,70.3
03/07/18,71.1
04/07/18,72.11
05/07/18,71.87
06/07/18,72.45
10/07/18,72.35
11/07/18,71.76
12/07/18,73.26
13/07/18,74.01
16/07/18,73.95
17/07/18,75.37
18/07/18,74.66
19/07/18,74.65
20/07/18,75.8
23/07/18,75.25
24/07/18,76.5
25/07/18,77.37
26/07/18,76.62
27/07/18,77.13
30/07/18,77.42
31/07/18,76.45
01/08/18,76.46
02/08/18,76.95
03/08/18,78.66
06/08/18,78.24
07/08/18,77.49
08/08/18,76.32
09/08/18,75.96
10/08/18,73.8
13/08/18,74.89
14/08/18,75.9
15/08/18,74.39
16/08/18,74.14
17/08/18,73.35
20/08/18,73.68
21/08/18,72.51
22/08/18,74.15
23/08/18,73.03
24/08/18,73.68
27/08/18,75.1
28/08/18,74.79
29/08/18,75.68
30/08/18,73.74
31/08/18,74.12
03/09/18,73.48
04/09/18,72.07
05/09/18,72.42
06/09/18,74.1
10/09/18,74
11/09/18,72.13
12/09/18,72.57
13/09/18,72.02
14/09/18,72.81
17/09/18,74.07
18/09/18,75.35
19/09/18,75.27
20/09/18,75.33
21/09/18,76.5
24/09/18,75.2
25/09/18,75.88
26/09/18,75.85
27/09/18,77.07
28/09/18,76.61
01/10/18,75.8
02/10/18,78.78
03/10/18,80.29
04/10/18,79.88
05/10/18,79.45
08/10/18,83.64
09/10/18,83
10/10/18,80.73
11/10/18,80.15
15/10/18,80.46
16/10/18,82.6
17/10/18,82.72
18/10/18,80.91
19/10/18,81.22
22/10/18,82.62
23/10/18,82.29
24/10/18,80.15
25/10/18,81.03
26/10/18,82.71
29/10/18,80.81
30/10/18,83.76
31/10/18,84.08
01/11/18,85.25
05/11/18,86.1
06/11/18,85.28
07/11/18,84.59
08/11/18,82.6
09/11/18,82.52
12/11/18,82.35
13/11/18,81.64
14/11/18,82.65
16/11/18,85.3
19/11/18,84.3
21/11/18,84.28
22/11/18,84.3
23/11/18,83.03
26/11/18,82.34
27/11/18,84.49
28/11/18,86
29/11/18,86.38
30/11/18,86.37
03/12/18,86.49
04/12/18,85.23
05/12/18,86.03
06/12/18,85.54
07/12/18,84.93
10/12/18,82.86
11/12/18,83.5
12/12/18,83.9
13/12/18,84.28
14/12/18,84.21
17/12/18,83.24
18/12/18,83.5
19/12/18,82.5
20/12/18,82.42
21/12/18,82.44
26/12/18,82.14
27/12/18,82.65
28/12/18,84.6
02/01/19,87.9
03/01/19,88
04/01/19,88.5
07/01/19,88.48
08/01/19,88.83
09/01/19,90.32
10/01/19,90.42
11/01/19,90.38
14/01/19,91.21
15/01/19,90.61
16/01/19,91.15
17/01/19,91.97
18/01/19,92.61
21/01/19,92.64
22/01/19,91.4
23/01/19,93.1
24/01/19,94.17
28/01/19,92.08
29/01/19,92.19
30/01/19,93.52
31/01/19,94
01/02/19,94.36
04/02/19,95.03
05/02/19,94.8
06/02/19,91.27
07/02/19,91
08/02/19,91.7
11/02/19,90.99
12/02/19,92.45
13/02/19,92.6
14/02/19,94.34
15/02/19,94.04
18/02/19,92.98
19/02/19,93.78
20/02/19,93.17
21/02/19,93.58
22/02/19,94.44
25/02/19,93.77
26/02/19,94.12
27/02/19,93.84
28/02/19,91.85
01/03/19,91.08
06/03/19,90.76
07/03/19,91.05
08/03/19,91.85
11/03/19,94.55
12/03/19,94.4
13/03/19,95.31
14/03/19,94.95
15/03/19,95.53
18/03/19,96.38
19/03/19,96.06
20/03/19,94.35
21/03/19,93.01
22/03/19,90.25
25/03/19,90.35
26/03/19,91.91
27/03/19,88.1
28/03/19,91.02
29/03/19,91.81
01/04/19,92.35
02/04/19,91.83
03/04/19,91.16
04/04/19,92.87
05/04/19,93.56
08/04/19,93.78
09/04/19,92.7
10/04/19,92.49
11/04/19,91.38
12/04/19,89.51
15/04/19,89.81
16/04/19,91
17/04/19,90
18/04/19,91.16
22/04/19,91.2
23/04/19,92.37
24/04/19,91.6
25/04/19,92.9
26/04/19,92.63
29/04/19,92.72
30/04/19,92.88
02/05/19,92.08
03/05/19,92.6
06/05/19,91.61
07/05/19,90.98
08/05/19,92.11
09/05/19,91.37
10/05/19,90.8
13/05/19,88.31
14/05/19,88.76
15/05/19,87.87
16/05/19,86.56
17/05/19,86.74
20/05/19,88.83
21/05/19,91.19
22/05/19,90.96
23/05/19,90.43
24/05/19,90.25
27/05/19,91.5
28/05/19,92.85
29/05/19,93.06
30/05/19,93.96
31/05/19,93.59
03/06/19,93.48
04/06/19,93.8
05/06/19,92.64
06/06/19,93.69
07/06/19,94.22
10/06/19,93.85
11/06/19,95.42
12/06/19,94.66
13/06/19,95.14
14/06/19,94.51
17/06/19,94.25
18/06/19,95.77
19/06/19,96.63
21/06/19,98.22
24/06/19,98.31
25/06/19,96.36
26/06/19,96.85
27/06/19,97.07
28/06/19,97.11
01/07/19,97.45
02/07/19,96.77
03/07/19,98.32
04/07/19,100
05/07/19,100.27
08/07/19,100.56
10/07/19,101.96
11/07/19,101.21
12/07/19,100.05
15/07/19,100.04
16/07/19,99.9
17/07/19,100.01
18/07/19,100.7
19/07/19,99.6
22/07/19,100
23/07/19,100.1
24/07/19,100.39
25/07/19,98.8
26/07/19,99.15
29/07/19,99.56
30/07/19,99.12
31/07/19,97.98
01/08/19,98.43
02/08/19,98.78
05/08/19,96.47
06/08/19,98.44
07/08/19,99.05
08/08/19,100.36
09/08/19,100.24
12/08/19,98.16
13/08/19,99.52
14/08/19,96.65
15/08/19,95.38
16/08/19,96.15
19/08/19,95.77
20/08/19,95.54
21/08/19,97.53
22/08/19,96.35
23/08/19,94.02
26/08/19,92.65
27/08/19,93.65
28/08/19,94.58
29/08/19,96.86
30/08/19,97.61
02/09/19,96.76
03/09/19,95.9
04/09/19,97.37
05/09/19,98.44
06/09/19,99.13
09/09/19,99.33
10/09/19,99.19
11/09/19,99.75
12/09/19,100.36
13/09/19,99.58
16/09/19,99.8
17/09/19,100.76
18/09/19,100.63
19/09/19,100.44
20/09/19,100.76
23/09/19,100.78
24/09/19,100
25/09/19,100.45
26/09/19,101.43
27/09/19,101.24
30/09/19,101.01
01/10/19,100.06
02/10/19,97.15
03/10/19,97.72
04/10/19,98.69
07/10/19,96.8
08/10/19,96.15
09/10/19,97.5
10/10/19,98.08
11/10/19,99.97
14/10/19,100.35
15/10/19,100.58
16/10/19,101.4
17/10/19,101.05
18/10/19,100.75
21/10/19,102
22/10/19,103.24
23/10/19,103.4
24/10/19,103
25/10/19,103.37
28/10/19,103.95
29/10/19,103.5
30/10/19,104.29
31/10/19,103.23
01/11/19,104.27
04/11/19,104.63
05/11/19,104.67
06/11/19,104.35
07/11/19,105.31
08/11/19,103.4
11/11/19,104.24
12/11/19,102.45
13/11/19,102.37
14/11/19,102.55
18/11/19,102
19/11/19,101.96
21/11/19,103.5
22/11/19,104.6
25/11/19,104.25
26/11/19,103.44
27/11/19,103.68
28/11/19,104.38
29/11/19,104.35
02/12/19,104.81
03/12/19,105
04/12/19,106.1
05/12/19,106.44
06/12/19,106.93
09/12/19,106.77
10/12/19,106.58
11/12/19,106.75
12/12/19,107.85
13/12/19,108.31
16/12/19,107.72
17/12/19,108.41
18/12/19,110.16
19/12/19,110.82
20/12/19,110.84
23/12/19,111.67
26/12/19,112.81
27/12/19,112.17
30/12/19,111.23
02/01/20,114.24
03/01/20,113.8
06/01/20,112.59
07/01/20,112.24
08/01/20,111.95
09/01/20,111.66
10/01/20,111.28
13/01/20,113.08
14/01/20,113.32
15/01/20,112.18
16/01/20,112.35
17/01/20,114.1
20/01/20,114.41
21/01/20,112.65
22/01/20,114.1
23/01/20,115.21
24/01/20,114
27/01/20,110.29
28/01/20,112.3
29/01/20,110.88
30/01/20,111.19
31/01/20,108.9
03/02/20,110.42
04/02/20,111.21
05/02/20,111.77
06/02/20,110.95
07/02/20,109.35
10/02/20,108.79
11/02/20,111.3
12/02/20,112.45
13/02/20,110.9
14/02/20,110.08
17/02/20,110.8
18/02/20,111.14
19/02/20,112.08
20/02/20,110.2
21/02/20,109.45
26/02/20,101.9
27/02/20,99.2
28/02/20,100.6
02/03/20,102.99
03/03/20,101.75
04/03/20,103.1
05/03/20,98.79
06/03/20,94.4
09/03/20,82.7
10/03/20,88.63
11/03/20,82.06
12/03/20,70.1
13/03/20,79.49
16/03/20,68.4
17/03/20,71
18/03/20,65.01
19/03/20,65
20/03/20,64.77
23/03/20,61.14
24/03/20,67.4
25/03/20,71.73
26/03/20,74.57
27/03/20,70.22
30/03/20,71.97
31/03/20,69.35
01/04/20,68.18
02/04/20,69.63
03/04/20,66.9
06/04/20,71.57
07/04/20,73.51
08/04/20,75.73
09/04/20,74.87
13/04/20,75.96
14/04/20,76.85
15/04/20,76.05
16/04/20,74.93
17/04/20,76
20/04/20,75.66
22/04/20,77.7
23/04/20,76.65
24/04/20,72.41
27/04/20,75.29
28/04/20,78.3
29/04/20,80.18
30/04/20,77.21
04/05/20,76.1
05/05/20,76.54
06/05/20,76.2
07/05/20,75.4
08/05/20,77.43
11/05/20,76.14
12/05/20,75
13/05/20,75.15
14/05/20,76.25
15/05/20,74.56
18/05/20,78.03
19/05/20,77.65
20/05/20,78.45
21/05/20,79.97
22/05/20,79.94
25/05/20,82.6
26/05/20,82.45
27/05/20,84.68
28/05/20,83.65
29/05/20,84.15
01/06/20,85.33
02/06/20,87.78
03/06/20,89.37
04/06/20,90.31
05/06/20,91.05
08/06/20,93.95
09/06/20,92.95
10/06/20,91.17
12/06/20,89.25
15/06/20,89.07
16/06/20,90
17/06/20,91.95
18/06/20,92.63
19/06/20,92.64
22/06/20,91.75
23/06/20,92.26
24/06/20,90.77
25/06/20,92.39
26/06/20,90.22
29/06/20,92.3
30/06/20,91.62
01/07/20,92.68
02/07/20,92.5
03/07/20,93.19
06/07/20,95.31
07/07/20,94.1
08/07/20,96.1
09/07/20,95.41
10/07/20,96.34
13/07/20,95.05
14/07/20,96.6
15/07/20,98.03
16/07/20,96.82
17/07/20,99.13
20/07/20,100.5
21/07/20,100.29
22/07/20,100.38
23/07/20,98.4
24/07/20,98.59
27/07/20,100.46
28/07/20,100.05
29/07/20,101.48
30/07/20,101.31
31/07/20,99.29
03/08/20,99.2
04/08/20,97.6
05/08/20,98.99
06/08/20,100.17
07/08/20,98.83
10/08/20,99.54
11/08/20,98.2
12/08/20,98.33
13/08/20,96.51
14/08/20,97.47
17/08/20,95.83
18/08/20,98.25
19/08/20,97
20/08/20,97.67
21/08/20,97.6
24/08/20,98.5
25/08/20,98.35
26/08/20,96.63
27/08/20,96.87
28/08/20,98.3
