Data,Último,Var%
01/02/17,62.71,0.51%
01/02/18,82.55,0.67%
01/02/19,94.36,0.38%
01/03/17,64.83,0.51%
01/03/18,82.52,0.02%
01/03/19,91.08,-0.84%
01/04/19,92.35,0.59%
01/04/20,68.18,-1.69%
01/06/17,60.26,-0.50%
01/06/18,74.62,0.74%
01/06/20,85.33,1.40%
01/07/19,97.45,0.35%
01/07/20,92.68,1.16%
01/08/17,64.23,0.80%
01/08/18,76.46,0.01%
01/08/19,98.43,0.46%
01/09/17,69.51,1.61%
01/10/18,75.8,-1.06%
01/10/19,100.06,-0.94%
01/11/17,71.27,-0.70%
01/11/18,85.25,1.39%
01/11/19,104.27,1.01%
01/12/17,69.67,0.39%
02/01/17,57.63,-1.05%
02/01/18,75.1,1.73%
02/01/19,87.9,3.90%
02/01/20,114.24,2.71%
02/02/17,62.65,-0.10%
02/02/18,81.24,-1.59%
02/03/17,63.5,-2.05%
02/03/18,82.95,0.52%
02/03/20,102.99,2.38%
02/04/18,81.85,-0.70%
02/04/19,91.83,-0.56%
02/04/20,69.63,2.13%
02/05/17,64.56,2.17%
02/05/18,81.71,-1.77%
02/05/19,92.08,-0.86%
02/06/17,60.35,0.15%
02/06/20,87.78,2.87%
02/07/18,70.3,-0.07%
02/07/19,96.77,-0.70%
02/07/20,92.5,-0.19%
02/08/17,64.92,1.07%
02/08/18,76.95,0.64%
02/08/19,98.78,0.36%
02/09/19,96.76,-0.87%
02/10/17,71.82,0.34%
02/10/18,78.78,3.93%
02/10/19,97.15,-2.91%
02/12/19,104.81,0.44%
03/01/17,59.75,3.68%
03/01/18,75.3,0.27%
03/01/19,88,0.11%
03/01/20,113.8,-0.39%
03/02/17,63.09,0.70%
03/02/20,110.42,1.40%
03/03/17,64.6,1.73%
03/03/20,101.75,-1.20%
03/04/17,63.08,0.48%
03/04/18,81.75,-0.12%
03/04/19,91.16,-0.73%
03/04/20,66.9,-3.92%
03/05/17,63.96,-0.93%
03/05/18,80.49,-1.49%
03/05/19,92.6,0.56%
03/06/19,93.48,-0.12%
03/06/20,89.37,1.81%
03/07/17,61.09,0.26%
03/07/18,71.1,1.14%
03/07/19,98.32,1.60%
03/07/20,93.19,0.75%
03/08/17,64.45,-0.72%
03/08/18,78.66,2.22%
03/08/20,99.2,-0.09%
03/09/18,73.48,-0.86%
03/09/19,95.9,-0.89%
03/10/17,74.16,3.26%
03/10/18,80.29,1.92%
03/10/19,97.72,0.59%
03/11/17,71.3,0.04%
03/12/18,86.49,0.14%
03/12/19,105,0.18%
04/01/17,59.75,0.00%
04/01/18,76,0.93%
04/01/19,88.5,0.57%
04/02/19,95.03,0.71%
04/02/20,111.21,0.72%
04/03/20,103.1,1.33%
04/04/17,63.72,1.01%
04/04/18,81.4,-0.43%
04/04/19,92.87,1.88%
04/05/17,62.66,-2.03%
04/05/18,80.26,-0.29%
04/05/20,76.1,-1.44%
04/06/18,75.85,1.65%
04/06/19,93.8,0.34%
04/06/20,90.31,1.05%
04/07/17,61.15,0.10%
04/07/18,72.11,1.42%
04/07/19,100,1.71%
04/08/17,64.71,0.40%
04/08/20,97.6,-1.61%
04/09/17,69.84,0.47%
04/09/18,72.07,-1.92%
04/09/19,97.37,1.53%
04/10/17,74.02,-0.19%
04/10/18,79.88,-0.51%
04/10/19,98.69,0.99%
04/11/19,104.63,0.35%
04/12/17,70.53,1.23%
04/12/18,85.23,-1.46%
04/12/19,106.1,1.05%
05/01/17,60.05,0.50%
05/01/18,76.44,0.58%
05/02/18,79.2,-2.51%
05/02/19,94.8,-0.24%
05/02/20,111.77,0.50%
05/03/18,82.9,-0.06%
05/03/20,98.79,-4.18%
05/04/17,62.56,-1.82%
05/04/18,82.37,1.19%
05/04/19,93.56,0.74%
05/05/17,63.66,1.60%
05/05/20,76.54,0.58%
05/06/17,60.45,0.17%
05/06/18,74.1,-2.31%
05/06/19,92.64,-1.24%
05/06/20,91.05,0.82%
05/07/17,61.05,-0.16%
05/07/18,71.87,-0.33%
05/07/19,100.27,0.27%
05/08/19,96.47,-2.34%
05/08/20,98.99,1.42%
05/09/17,69.76,-0.11%
05/09/18,72.42,0.49%
05/09/19,98.44,1.10%
05/10/17,74.04,0.03%
05/10/18,79.45,-0.54%
05/11/18,86.1,1.00%
05/11/19,104.67,0.04%
05/12/17,70,-0.75%
05/12/18,86.03,0.94%
05/12/19,106.44,0.32%
06/01/17,59.85,-0.33%
06/01/20,112.59,-1.06%
06/02/17,62.01,-1.71%
06/02/18,81.15,2.46%
06/02/19,91.27,-3.72%
06/02/20,110.95,-0.73%
06/03/17,64.2,-0.62%
06/03/18,82.69,-0.25%
06/03/19,90.76,-0.35%
06/03/20,94.4,-4.44%
06/04/17,62,-0.90%
06/04/18,81.94,-0.52%
06/04/20,71.57,6.98%
06/05/19,91.61,-1.07%
06/05/20,76.2,-0.44%
06/06/17,60.95,0.83%
06/06/18,73.47,-0.85%
06/06/19,93.69,1.13%
06/07/17,60.42,-1.03%
06/07/18,72.45,0.81%
06/07/20,95.31,2.27%
06/08/18,78.24,-0.53%
06/08/19,98.44,2.04%
06/08/20,100.17,1.19%
06/09/17,70.95,1.71%
06/09/18,74.1,2.32%
06/09/19,99.13,0.70%
06/10/17,73.51,-0.72%
06/11/17,71.79,0.69%
06/11/18,85.28,-0.95%
06/11/19,104.35,-0.31%
06/12/17,72.98,4.26%
06/12/18,85.54,-0.57%
06/12/19,106.93,0.46%
07/01/19,88.48,-0.02%
07/01/20,112.24,-0.31%
07/02/17,62.01,0.00%
07/02/18,79.96,-1.47%
07/02/19,91,-0.30%
07/02/20,109.35,-1.44%
07/03/17,63.82,-0.59%
07/03/18,82.6,-0.11%
07/03/19,91.05,0.32%
07/04/17,62.27,0.44%
07/04/20,73.51,2.71%
07/05/18,79.82,-0.55%
07/05/19,90.98,-0.69%
07/05/20,75.4,-1.05%
07/06/17,61.19,0.39%
07/06/18,71.37,-2.86%
07/06/19,94.22,0.57%
07/07/17,60.5,0.13%
07/07/20,94.1,-1.27%
07/08/17,65.63,1.42%
07/08/18,77.49,-0.96%
07/08/19,99.05,0.62%
07/08/20,98.83,-1.34%
07/10/19,96.8,-1.92%
07/11/17,69.97,-2.54%
07/11/18,84.59,-0.81%
07/11/19,105.31,0.92%
07/12/17,70,-4.08%
07/12/18,84.93,-0.71%
08/01/18,76.76,0.42%
08/01/19,88.83,0.40%
08/01/20,111.95,-0.26%
08/02/17,62.87,1.39%
08/02/18,78.7,-1.58%
08/02/19,91.7,0.77%
08/03/17,62.63,-1.86%
08/03/18,82.14,-0.56%
08/03/19,91.85,0.88%
08/04/19,93.78,0.24%
08/04/20,75.73,3.02%
08/05/17,63.42,-0.38%
08/05/18,80.22,0.50%
08/05/19,92.11,1.24%
08/05/20,77.43,2.69%
08/06/17,60.71,-0.78%
08/06/18,70.4,-1.36%
08/06/20,93.95,3.19%
08/07/19,100.56,0.29%
08/07/20,96.1,2.13%
08/08/17,65.66,0.05%
08/08/18,76.32,-1.51%
08/08/19,100.36,1.32%
08/09/17,70.71,-0.34%
08/10/18,83.64,5.27%
08/10/19,96.15,-0.67%
08/11/17,71.93,2.80%
08/11/18,82.6,-2.35%
08/11/19,103.4,-1.81%
08/12/17,70.12,0.17%
09/01/17,59.74,-0.18%
09/01/18,76.16,-0.78%
09/01/19,90.32,1.68%
09/01/20,111.66,-0.26%
09/02/17,62.83,-0.06%
09/02/18,78.17,-0.67%
09/03/17,62.37,-0.42%
09/03/18,83.4,1.53%
09/03/20,82.7,-12.39%
09/04/18,80.42,-1.86%
09/04/19,92.7,-1.15%
09/04/20,74.87,-1.14%
09/05/17,64.17,1.18%
09/05/18,81.35,1.41%
09/05/19,91.37,-0.80%
09/06/17,60.22,-0.81%
09/06/20,92.95,-1.06%
09/07/20,95.41,-0.72%
09/08/17,65.44,-0.34%
09/08/18,75.96,-0.47%
09/08/19,100.24,-0.12%
09/09/19,99.33,0.20%
09/10/17,73.21,-0.41%
09/10/18,83,-0.77%
09/10/19,97.5,1.40%
09/11/17,70.5,-1.99%
09/11/18,82.52,-0.10%
09/12/19,106.77,-0.15%
10/01/17,60.25,0.85%
10/01/18,75.6,-0.74%
10/01/19,90.42,0.11%
10/01/20,111.28,-0.34%
10/02/17,63.99,1.85%
10/02/20,108.79,-0.51%
10/03/17,62.55,0.29%
10/03/20,88.63,7.17%
10/04/17,62.54,0.43%
10/04/18,81.56,1.42%
10/04/19,92.49,-0.23%
10/05/17,65.2,1.61%
10/05/18,82.87,1.87%
10/05/19,90.8,-0.62%
10/06/19,93.85,-0.39%
10/06/20,91.17,-1.92%
10/07/17,60.94,0.73%
10/07/18,72.35,-0.14%
10/07/19,101.96,1.39%
10/07/20,96.34,0.97%
10/08/17,64.73,-1.08%
10/08/18,73.8,-2.84%
10/08/20,99.54,0.72%
10/09/18,74,-0.13%
10/09/19,99.19,-0.14%
10/10/17,74.24,1.41%
10/10/18,80.73,-2.73%
10/10/19,98.08,0.59%
10/11/17,69.97,-0.75%
10/12/18,82.86,-2.44%
10/12/19,106.58,-0.18%
11/01/17,60.47,0.37%
11/01/18,76.66,1.40%
11/01/19,90.38,-0.04%
11/02/19,90.99,-0.77%
11/02/20,111.3,2.31%
11/03/19,94.55,2.94%
11/03/20,82.06,-7.41%
11/04/17,62.42,-0.19%
11/04/18,82.45,1.09%
11/04/19,91.38,-1.20%
11/05/17,65.35,0.23%
11/05/18,82.29,-0.70%
11/05/20,76.14,-1.67%
11/06/18,69.86,-0.77%
11/06/19,95.42,1.67%
11/07/17,61.7,1.25%
11/07/18,71.76,-0.82%
11/07/19,101.21,-0.74%
11/08/17,65.1,0.57%
11/08/20,98.2,-1.35%
11/09/17,71.93,1.73%
11/09/18,72.13,-2.53%
11/09/19,99.75,0.56%
11/10/17,74.13,-0.15%
11/10/18,80.15,-0.72%
11/10/19,99.97,1.93%
11/11/19,104.24,0.81%
11/12/17,70.44,0.46%
11/12/18,83.5,0.77%
11/12/19,106.75,0.16%
12/01/17,62,2.53%
12/01/18,76.67,0.01%
12/02/19,92.45,1.60%
12/02/20,112.45,1.03%
12/03/18,83.95,0.66%
12/03/19,94.4,-0.16%
12/03/20,70.1,-14.57%
12/04/17,61.68,-1.19%
12/04/18,82.43,-0.02%
12/04/19,89.51,-2.05%
12/05/17,65.94,0.90%
12/05/20,75,-1.50%
12/06/17,59.65,-0.95%
12/06/18,70.27,0.59%
12/06/19,94.66,-0.80%
12/06/20,89.25,-2.11%
12/07/17,62.7,1.62%
12/07/18,73.26,2.09%
12/07/19,100.05,-1.15%
12/08/19,98.16,-2.08%
12/08/20,98.33,0.13%
12/09/17,72.1,0.24%
12/09/18,72.57,0.61%
12/09/19,100.36,0.61%
12/11/18,82.35,-0.21%
12/11/19,102.45,-1.72%
12/12/17,71.4,1.36%
12/12/18,83.9,0.48%
12/12/19,107.85,1.03%
13/01/17,61.68,-0.52%
13/01/20,113.08,1.62%
13/02/17,64.68,1.08%
13/02/19,92.6,0.16%
13/02/20,110.9,-1.38%
13/03/17,63.47,1.47%
13/03/18,83.5,-0.54%
13/03/19,95.31,0.96%
13/03/20,79.49,13.40%
13/04/17,60.8,-1.43%
13/04/18,81.3,-1.37%
13/04/20,75.96,1.46%
13/05/19,88.31,-2.74%
13/05/20,75.15,0.20%
13/06/17,59.82,0.28%
13/06/18,69.75,-0.74%
13/06/19,95.14,0.51%
13/07/17,63.2,0.80%
13/07/18,74.01,1.02%
13/07/20,95.05,-1.34%
13/08/18,74.89,1.48%
13/08/19,99.52,1.39%
13/08/20,96.51,-1.85%
13/09/17,72.27,0.24%
13/09/18,72.02,-0.76%
13/09/19,99.58,-0.78%
13/10/17,74.45,0.43%
13/11/17,70.48,0.73%
13/11/18,81.64,-0.86%
13/11/19,102.37,-0.08%
13/12/17,70.38,-1.43%
13/12/18,84.28,0.45%
13/12/19,108.31,0.43%
14/01/19,91.21,0.92%
14/01/20,113.32,0.21%
14/02/17,65.05,0.57%
14/02/18,80.6,3.11%
14/02/19,94.34,1.88%
14/02/20,110.08,-0.74%
14/03/17,62.75,-1.13%
14/03/18,83.14,-0.43%
14/03/19,94.95,-0.38%
14/04/20,76.85,1.17%
14/05/18,82.39,0.12%
14/05/19,88.76,0.51%
14/05/20,76.25,1.46%
14/06/17,59.89,0.12%
14/06/18,68.8,-1.36%
14/06/19,94.51,-0.66%
14/07/17,63.34,0.22%
14/07/20,96.6,1.63%
14/08/17,66.02,1.41%
14/08/18,75.9,1.35%
14/08/19,96.65,-2.88%
14/08/20,97.47,0.99%
14/09/17,71.97,-0.42%
14/09/18,72.81,1.10%
14/10/19,100.35,0.38%
14/11/17,68.46,-2.87%
14/11/18,82.65,1.24%
14/11/19,102.55,0.18%
14/12/17,70,-0.54%
14/12/18,84.21,-0.08%
15/01/18,77.07,0.52%
15/01/19,90.61,-0.66%
15/01/20,112.18,-1.01%
15/02/17,65.85,1.23%
15/02/18,81.4,0.99%
15/02/19,94.04,-0.32%
15/03/17,64.11,2.17%
15/03/18,82.07,-1.29%
15/03/19,95.53,0.61%
15/04/19,89.81,0.34%
15/04/20,76.05,-1.04%
15/05/17,66.27,0.50%
15/05/18,82.21,-0.22%
15/05/19,87.87,-1.00%
15/05/20,74.56,-2.22%
15/06/18,68.11,-1.00%
15/06/20,89.07,-0.20%
15/07/19,100.04,-0.01%
15/07/20,98.03,1.48%
15/08/17,66.08,0.09%
15/08/18,74.39,-1.99%
15/08/19,95.38,-1.31%
15/09/17,73.14,1.63%
15/10/18,80.46,0.39%
15/10/19,100.58,0.23%
15/12/17,69.95,-0.07%
16/01/17,61.9,0.36%
16/01/18,77.06,-0.01%
16/01/19,91.15,0.60%
16/01/20,112.35,0.15%
16/02/17,65.6,-0.38%
16/02/18,81.56,0.20%
16/03/17,63.42,-1.08%
16/03/18,82.01,-0.07%
16/03/20,68.4,-13.95%
16/04/18,79.98,-1.62%
16/04/19,91,1.33%
16/04/20,74.93,-1.47%
16/05/17,66.45,0.27%
16/05/18,83.42,1.47%
16/05/19,86.56,-1.49%
16/06/17,59.61,-0.47%
16/06/20,90,1.04%
16/07/18,73.95,-0.08%
16/07/19,99.9,-0.14%
16/07/20,96.82,-1.23%
16/08/17,66.42,0.51%
16/08/18,74.14,-0.34%
16/08/19,96.15,0.81%
16/09/19,99.8,0.22%
16/10/17,74.34,-0.15%
16/10/18,82.6,2.66%
16/10/19,101.4,0.82%
16/11/17,70.17,2.50%
16/11/18,85.3,3.21%
16/12/19,107.72,-0.54%
17/01/17,62.28,0.61%
17/01/18,78.41,1.75%
17/01/19,91.97,0.90%
17/01/20,114.1,1.56%
17/02/17,65.42,-0.27%
17/02/20,110.8,0.65%
17/03/17,62.21,-1.91%
17/03/20,71,3.80%
17/04/17,62.25,2.38%
17/04/18,81.11,1.41%
17/04/19,90,-1.10%
17/04/20,76,1.43%
17/05/17,65.33,-1.69%
17/05/18,80.78,-3.16%
17/05/19,86.74,0.21%
17/06/19,94.25,-0.28%
17/06/20,91.95,2.17%
17/07/17,63.06,-0.44%
17/07/18,75.37,1.92%
17/07/19,100.01,0.11%
17/07/20,99.13,2.39%
17/08/17,65.8,-0.93%
17/08/18,73.35,-1.07%
17/08/20,95.83,-1.68%
17/09/18,74.07,1.73%
17/09/19,100.76,0.96%
17/10/17,73.71,-0.85%
17/10/18,82.72,0.15%
17/10/19,101.05,-0.35%
17/11/17,70.91,1.05%
17/12/18,83.24,-1.15%
17/12/19,108.41,0.64%
18/01/17,61.9,-0.61%
18/01/18,78.1,-0.40%
18/01/19,92.61,0.70%
18/02/19,92.98,-1.13%
18/02/20,111.14,0.31%
18/03/19,96.38,0.89%
18/03/20,65.01,-8.44%
18/04/17,61.95,-0.48%
18/04/18,82.7,1.96%
18/04/19,91.16,1.29%
18/05/17,59.67,-8.66%
18/05/18,80.21,-0.71%
18/05/20,78.03,4.65%
18/06/18,67.52,-0.87%
18/06/19,95.77,1.61%
18/06/20,92.63,0.74%
18/07/17,63.12,0.10%
18/07/18,74.66,-0.94%
18/07/19,100.7,0.69%
18/08/17,66.47,1.02%
18/08/20,98.25,2.53%
18/09/17,73.5,0.49%
18/09/18,75.35,1.73%
18/09/19,100.63,-0.13%
18/10/17,74.09,0.52%
18/10/18,80.91,-2.19%
18/10/19,100.75,-0.30%
18/11/19,102,-0.54%
18/12/17,70.67,1.03%
18/12/18,83.5,0.31%
18/12/19,110.16,1.61%
19/01/17,62.1,0.32%
19/01/18,78.42,0.41%
19/02/18,81.86,0.37%
19/02/19,93.78,0.86%
19/02/20,112.08,0.85%
19/03/18,81.09,-1.12%
19/03/19,96.06,-0.33%
19/03/20,65,-0.02%
19/04/17,61.2,-1.21%
19/04/18,82.9,0.24%
19/05/17,60.61,1.58%
19/05/20,77.65,-0.49%
19/06/17,60.09,0.81%
19/06/18,68.81,1.91%
19/06/19,96.63,0.90%
19/06/20,92.64,0.01%
19/07/17,63.09,-0.05%
19/07/18,74.65,-0.01%
19/07/19,99.6,-1.09%
19/08/19,95.77,-0.40%
19/08/20,97,-1.27%
19/09/17,73.45,-0.07%
19/09/18,75.27,-0.11%
19/09/19,100.44,-0.19%
19/10/17,73.79,-0.40%
19/10/18,81.22,0.38%
19/11/18,84.3,-1.17%
19/11/19,101.96,-0.04%
19/12/17,70.17,-0.71%
19/12/18,82.5,-1.20%
19/12/19,110.82,0.60%
20/01/17,62.57,0.76%
20/01/20,114.41,0.27%
20/02/17,66.35,1.42%
20/02/18,82.94,1.32%
20/02/19,93.17,-0.65%
20/02/20,110.2,-1.68%
20/03/17,62.81,0.96%
20/03/18,81.4,0.38%
20/03/19,94.35,-1.78%
20/03/20,64.77,-0.35%
20/04/17,61.51,0.51%
20/04/18,82.74,-0.19%
20/04/20,75.66,-0.45%
20/05/19,88.83,2.41%
20/05/20,78.45,1.03%
20/06/17,58.74,-2.25%
20/06/18,69.51,1.02%
20/07/17,62.75,-0.54%
20/07/18,75.8,1.54%
20/07/20,100.5,1.38%
20/08/18,73.68,0.45%
20/08/19,95.54,-0.24%
20/08/20,97.67,0.69%
20/09/17,73.46,0.01%
20/09/18,75.33,0.08%
20/09/19,100.76,0.32%
20/10/17,73.6,-0.26%
20/12/17,70.9,1.04%
20/12/18,82.42,-0.10%
20/12/19,110.84,0.02%
21/01/19,92.64,0.03%
21/01/20,112.65,-1.54%
21/02/17,66.89,0.81%
21/02/18,83.04,0.12%
21/02/19,93.58,0.44%
21/02/20,109.45,-0.68%
21/03/17,60.98,-2.91%
21/03/18,82.09,0.85%
21/03/19,93.01,-1.42%
21/05/18,79.2,-1.26%
21/05/19,91.19,2.66%
21/05/20,79.97,1.94%
21/06/17,58.78,0.07%
21/06/18,67.66,-2.66%
21/06/19,98.22,1.65%
21/07/17,62.53,-0.35%
21/07/20,100.29,-0.21%
21/08/17,66.45,-0.03%
21/08/18,72.51,-1.59%
21/08/19,97.53,2.08%
21/08/20,97.6,-0.07%
21/09/17,73.07,-0.53%
21/09/18,76.5,1.55%
21/10/19,102,1.24%
21/11/17,72,1.54%
21/11/18,84.28,-0.02%
21/11/19,103.5,1.51%
21/12/17,72.54,2.31%
21/12/18,82.44,0.02%
22/01/18,78.84,0.54%
22/01/19,91.4,-1.34%
22/01/20,114.1,1.29%
22/02/17,66.48,-0.61%
22/02/18,83.75,0.86%
22/02/19,94.44,0.92%
22/03/17,61.37,0.64%
22/03/18,81.79,-0.37%
22/03/19,90.25,-2.97%
22/04/19,91.2,0.04%
22/04/20,77.7,2.70%
22/05/17,59.53,-1.78%
22/05/18,80,1.01%
22/05/19,90.96,-0.25%
22/05/20,79.94,-0.04%
22/06/17,59.35,0.97%
22/06/18,68.18,0.77%
22/06/20,91.75,-0.96%
22/07/19,100,0.40%
22/07/20,100.38,0.09%
22/08/17,67.78,2.00%
22/08/18,74.15,2.26%
22/08/19,96.35,-1.21%
22/09/17,72.82,-0.34%
22/10/18,82.62,1.72%
22/10/19,103.24,1.22%
22/11/17,71.9,-0.14%
22/11/18,84.3,0.02%
22/11/19,104.6,1.06%
22/12/17,72.7,0.22%
23/01/17,63.8,1.97%
23/01/18,77.8,-1.32%
23/01/19,93.1,1.86%
23/01/20,115.21,0.97%
23/02/17,65.32,-1.74%
23/02/18,84.29,0.64%
23/03/17,61.54,0.28%
23/03/18,81.58,-0.26%
23/03/20,61.14,-5.60%
23/04/18,82.7,-0.05%
23/04/19,92.37,1.28%
23/04/20,76.65,-1.35%
23/05/17,60.74,2.03%
23/05/18,78.25,-2.19%
23/05/19,90.43,-0.58%
23/06/17,59.1,-0.42%
23/06/20,92.26,0.56%
23/07/18,75.25,-0.73%
23/07/19,100.1,0.10%
23/07/20,98.4,-1.97%
23/08/17,68.2,0.62%
23/08/18,73.03,-1.51%
23/08/19,94.02,-2.42%
23/09/19,100.78,0.02%
23/10/17,72.93,-0.91%
23/10/18,82.29,-0.40%
23/10/19,103.4,0.15%
23/11/17,71.93,0.04%
23/11/18,83.03,-1.51%
23/12/19,111.67,0.75%
24/01/17,63.91,0.17%
24/01/18,80.83,3.89%
24/01/19,94.17,1.15%
24/01/20,114,-1.05%
24/02/17,64.5,-1.26%
24/03/17,61.88,0.55%
24/03/20,67.4,10.24%
24/04/17,62.29,1.27%
24/04/18,82.48,-0.27%
24/04/19,91.6,-0.83%
24/04/20,72.41,-5.53%
24/05/17,61.17,0.71%
24/05/18,77.45,-1.02%
24/05/19,90.25,-0.20%
24/06/19,98.31,0.09%
24/06/20,90.77,-1.62%
24/07/17,62.93,0.64%
24/07/18,76.5,1.66%
24/07/19,100.39,0.29%
24/07/20,98.59,0.19%
24/08/17,68.84,0.94%
24/08/18,73.68,0.89%
24/09/18,75.2,-1.70%
24/09/19,100,-0.77%
24/10/17,73.86,1.28%
24/10/18,80.15,-2.60%
24/10/19,103,-0.39%
24/11/17,71.63,-0.42%
25/02/19,93.77,-0.71%
25/03/19,90.35,0.11%
25/03/20,71.73,6.42%
25/04/17,63,1.14%
25/04/18,82.08,-0.48%
25/04/19,92.9,1.42%
25/05/17,61.29,0.20%
25/05/18,76.3,-1.48%
25/05/20,82.6,3.33%
25/06/18,68.6,0.62%
25/06/19,96.36,-1.98%
25/06/20,92.39,1.78%
25/07/17,63.48,0.87%
25/07/18,77.37,1.14%
25/07/19,98.8,-1.58%
25/08/17,68.65,-0.28%
25/09/17,71.9,-1.26%
25/09/18,75.88,0.90%
25/09/19,100.45,0.45%
25/10/17,74.01,0.20%
25/10/18,81.03,1.10%
25/10/19,103.37,0.36%
25/11/19,104.25,-0.33%
26/01/17,64.2,0.45%
26/01/18,82.65,2.25%
26/02/18,84.72,0.51%
26/02/19,94.12,0.37%
26/02/20,101.9,-6.90%
26/03/18,82.23,0.80%
26/03/19,91.91,1.73%
26/03/20,74.57,3.96%
26/04/17,62.8,-0.32%
26/04/18,83.51,1.74%
26/04/19,92.63,-0.29%
26/05/17,61.95,1.08%
26/05/20,82.45,-0.18%
26/06/17,60.26,1.96%
26/06/18,69,0.58%
26/06/19,96.85,0.51%
26/06/20,90.22,-2.35%
26/07/17,62.81,-1.06%
26/07/18,76.62,-0.97%
26/07/19,99.15,0.35%
26/08/19,92.65,-1.46%
26/09/17,71.85,-0.07%
26/09/18,75.85,-0.04%
26/09/19,101.43,0.98%
26/10/17,73.05,-1.30%
26/10/18,82.71,2.07%
26/11/18,82.34,-0.83%
26/11/19,103.44,-0.78%
26/12/17,73.25,0.76%
26/12/18,82.14,-0.36%
26/12/19,112.81,1.02%
27/01/17,64.01,-0.30%
27/01/20,110.29,-3.25%
27/02/18,84.09,-0.74%
27/02/19,93.84,-0.30%
27/02/20,99.2,-2.65%
27/03/17,62.28,0.65%
27/03/18,80.98,-1.52%
27/03/19,88.1,-4.15%
27/03/20,70.22,-5.83%
27/04/17,62.46,-0.54%
27/04/18,83.47,-0.05%
27/04/20,75.29,3.98%
27/05/19,91.5,1.39%
27/05/20,84.68,2.70%
27/06/17,59.75,-0.85%
27/06/18,68,-1.45%
27/06/19,97.07,0.23%
27/07/17,63.05,0.38%
27/07/18,77.13,0.67%
27/07/20,100.46,1.90%
27/08/18,75.1,1.93%
27/08/19,93.65,1.08%
27/09/17,71.34,-0.71%
27/09/18,77.07,1.61%
27/09/19,101.24,-0.19%
27/10/17,73.37,0.44%
27/11/17,71.59,-0.06%
27/11/18,84.49,2.61%
27/11/19,103.68,0.23%
27/12/17,73.65,0.55%
27/12/18,82.65,0.62%
27/12/19,112.17,-0.57%
28/01/19,92.08,-2.22%
28/01/20,112.3,1.82%
28/02/18,82.5,-1.89%
28/02/19,91.85,-2.12%
28/02/20,100.6,1.41%
28/03/17,62.5,0.35%
28/03/18,81.02,0.05%
28/03/19,91.02,3.31%
28/04/17,63.19,1.17%
28/04/20,78.3,4.00%
28/05/18,72.69,-4.73%
28/05/19,92.85,1.48%
28/05/20,83.65,-1.22%
28/06/17,59.95,0.33%
28/06/18,69.4,2.06%
28/06/19,97.11,0.04%
28/07/17,63.39,0.54%
28/07/20,100.05,-0.41%
28/08/17,68.72,0.10%
28/08/18,74.79,-0.41%
28/08/19,94.58,0.99%
28/09/17,71.08,-0.36%
28/09/18,76.61,-0.60%
28/10/19,103.95,0.56%
28/11/17,71.86,0.38%
28/11/18,86,1.79%
28/11/19,104.38,0.68%
28/12/17,73.82,0.23%
28/12/18,84.6,2.36%
29/01/18,81.78,-1.05%
29/01/19,92.19,0.12%
29/01/20,110.88,-1.26%
29/03/17,63.48,1.57%
29/03/18,82.43,1.74%
29/03/19,91.81,0.87%
29/04/19,92.72,0.10%
29/04/20,80.18,2.40%
29/05/17,61.74,-0.34%
29/05/18,73.4,0.98%
29/05/19,93.06,0.23%
29/05/20,84.15,0.60%
29/06/17,60.1,0.25%
29/06/18,70.35,1.37%
29/06/20,92.3,2.31%
29/07/19,99.56,0.41%
29/07/20,101.48,1.43%
29/08/17,68.98,0.38%
29/08/18,75.68,1.19%
29/08/19,96.86,2.41%
29/09/17,71.58,0.70%
29/10/18,80.81,-2.30%
29/10/19,103.5,-0.43%
29/11/17,70.25,-2.24%
29/11/18,86.38,0.44%
29/11/19,104.35,-0.03%
30/01/17,62.26,-2.73%
30/01/18,81.61,-0.21%
30/01/19,93.52,1.44%
30/01/20,111.19,0.28%
30/03/17,63.15,-0.52%
30/03/20,71.97,2.49%
30/04/18,83.18,-0.35%
30/04/19,92.88,0.17%
30/04/20,77.21,-3.70%
30/05/17,61.9,0.26%
30/05/18,74.07,0.91%
30/05/19,93.96,0.97%
30/06/17,60.93,1.38%
30/06/20,91.62,-0.74%
30/07/18,77.42,0.38%
30/07/19,99.12,-0.44%
30/07/20,101.31,-0.17%
30/08/17,68.53,-0.65%
30/08/18,73.74,-2.56%
30/08/19,97.61,0.77%
30/09/19,101.01,-0.23%
30/10/17,72.35,-1.39%
30/10/18,83.76,3.65%
30/10/19,104.29,0.76%
30/11/17,69.4,-1.21%
30/11/18,86.37,-0.01%
30/12/19,111.23,-0.84%
31/01/17,62.39,0.21%
31/01/18,82,0.48%
31/01/19,94,0.51%
31/01/20,108.9,-2.06%
31/03/17,62.78,-0.59%
31/03/20,69.35,-3.64%
31/05/17,60.56,-2.16%
31/05/19,93.59,-0.39%
31/07/17,63.72,0.52%
31/07/18,76.45,-1.25%
31/07/19,97.98,-1.15%
31/07/20,99.29,-1.99%
31/08/17,68.41,-0.18%
31/08/18,74.12,0.52%
31/10/17,71.77,-0.80%
31/10/18,84.08,0.38%
31/10/19,103.23,-1.02%
